#factions																	
Id	Enabled	InitialPower	InitialTechLevel	InitialPlayerReputation	FactionType	AllianceType	SpawnMissionChance	Strategies	StrategyDurationMinHours	StrategyDurationMaxHours	GuardCreatureId	AgentCreatureId	MinQmorphosWhenVictims	UseGeneralRewards	PortraitsByStrategy	ItemDropCategories	
AnCom	TRUE	0	1	20	Corp	Hexarchy	0.1	Expansion 25 Defense 35 Scouting 45	672	1344	elite_anc	professor	0	TRUE	FALSE	AnCom	
Tezctlan	TRUE	800	2	20	Tezctlan	TezctlanAliance	0.5	Expansion 70 Defense 10 Scouting 20	672	1344	venus_jaguar_knight	venus_acolyte	100	FALSE	FALSE	Tezctlan	
XiomaraMasks	FALSE	0	1	0	Xiomara	XiomaraAliance	0.1	Expansion 70 Defense 10 Scouting 20	672	1344	venus_eagle_knight	venus_acolyte	100	FALSE	FALSE	Xiomara	
SBN	TRUE	0	1	10	Corp	Hexarchy	0.1	Expansion 25 Defense 35 Scouting 45	672	1344	elite_sbn	manager	0	TRUE	FALSE	SBN	
RealWare	TRUE	0	1	10	Corp	Hexarchy	0.1	Expansion 25 Defense 35 Scouting 45	672	1344	elite_rwa	warden	0	TRUE	FALSE	RealWare	
Tianming	TRUE	0	1	10	Corp	Hexarchy	0.1	Expansion 25 Defense 35 Scouting 45	672	1344	elite_tian	perfect	0	TRUE	FALSE	RealWare	
DaydreamChems	TRUE	0	1	0	Corp	Corporation	0.25	Expansion 25 Defense 25 Scouting 25	672	1344	elite_ddr	professor	0	TRUE	FALSE	DaydreamChems	
PlanetBridge	TRUE	0	1	0	Corp	Corporation	0.25	Expansion 25 Defense 25 Scouting 25	672	1344	elite_pla	manager	0	TRUE	FALSE	PlanetBridge	
Grasshopper	TRUE	0	1	0	Corp	Corporation	0.25	Expansion 25 Defense 25 Scouting 25	672	1344	elite_gra	agent	0	TRUE	FALSE	Grasshopper	
Sunlight	TRUE	0	1	0	Corp	Corporation	0.25	Expansion 25 Defense 25 Scouting 25	672	1344	elite_sun	manager	0	TRUE	FALSE	Sunlight	
FrancheComte	TRUE	0	1	0	Corp	Corporation	0.25	Expansion 25 Defense 25 Scouting 25	672	1344	elite_fra	combatmedic	0	TRUE	FALSE	FrancheComte	
ChurchRevelation	TRUE	0	1	0	Corp	Corporation	0.25	Expansion 25 Defense 25 Scouting 25	672	1344	elite_chu	manager	0	TRUE	FALSE	ChurchRevelation	
CoreWard	TRUE	0	1	0	Corp	Corporation	0.25	Expansion 25 Defense 25 Scouting 25	672	1344	elite_cor	manager	0	TRUE	FALSE	CoreWard	
CResistance	TRUE	0	1	-10	CivilRes	Resistance	0.5	Expansion 25 Defense 35 Scouting 40	672	1344	elite_civ	combatmedic_civ	0	TRUE	FALSE	CResistance	
GodBuilders	FALSE	0	1	0	CivilRes	Resistance	0.5	Expansion 25 Defense 35 Scouting 40	672	1344	elite_civ	combatmedic_civ	0	TRUE	FALSE	CResistance	
CivilUnity	FALSE	0	1	0	CivilRes	Resistance	0.5	Expansion 25 Defense 35 Scouting 40	672	1344	elite_civ	combatmedic_civ	0	TRUE	FALSE	CResistance	
Dilthey	TRUE	0	1	20	Corp	Hexarchy	0.1	Expansion 20 Defense 40 Scouting 45	672	1344	elite_dil	manager	0	TRUE	FALSE	Dilthey	
UnchainedBelt	TRUE	300	1	-10	Pirates	Pirates	0.5	Expansion 25 Defense 35 Scouting 40	672	1344	elite_pirates	soldier	0	TRUE	TRUE	UnchainedBelt	
SheduThousand	FALSE	0	1	0	Shedu	SheduThousand	0.1	Expansion 70 Defense 10 Scouting 20	672	1344	elite_she	mars_crab	100	FALSE	FALSE	SheduThousand	
EipschwitzHead	FALSE	0	1	0	Xiomara	XiomaraAliance	0	Expansion 25 Defense 25 Scouting 25	672	1344	heavypmc	professor	0	TRUE	FALSE	Common	
Unknown	FALSE	0	1	0	Corp	Corporation	0	Expansion 25 Defense 25 Scouting 25	672	1344	heavypmc	venus_acolyte	0	TRUE	FALSE	Common	
Magnum	FALSE	0	0	100	Xiomara	XiomaraAliance	0	Expansion 25 Defense 25 Scouting 25	672	1344	heavypmc	venus_acolyte	0	TRUE	FALSE	Common	
#end																	
																	
#alliances																	
Id	AllowStrife	TradeFactionLists															
Hexarchy	FALSE	AnCom SBN RealWare DaydreamChems PlanetBridge Grasshopper Sunlight FrancheComte ChurchRevelation CoreWard Dilthey Tianming UnchainedBelt															
Corporation	TRUE	AnCom SBN RealWare DaydreamChems PlanetBridge Grasshopper Sunlight FrancheComte ChurchRevelation CoreWard Dilthey Tianming UnchainedBelt															
Resistance	TRUE	CResistance GodBuilders CivilUnity															
TezctlanAliance	FALSE	Tezctlan															
XiomaraAliance	FALSE	XiomaraMasks															
Pirates	FALSE	UnchainedBelt AnCom SBN RealWare DaydreamChems PlanetBridge Grasshopper Sunlight FrancheComte ChurchRevelation CoreWard Dilthey Tianming															
SheduThousand	FALSE	SheduThousand															
#end																	
																	
#spaceobjects																	
Id	Available	SpaceObjectType	ParentId	RootNeighbourIndex	ItemDropCategories	ForbiddenItemClasses											
mercury	TRUE	Planet		1	Mercury Posessed	Weapon Helmet Armor Leggings Boots											
volcano	TRUE	Satelite	mercury		Mercury Possesed	Weapon Helmet Armor Leggings Boots											
citadel	TRUE	Satelite	mercury		Mercury Possesed	Weapon Helmet Armor Leggings Boots											
venus	TRUE	Planet		2	Tezctlan Xiomara Possesed	Weapon Helmet Armor Leggings Boots											
havoc	TRUE	Satelite	venus		Tezctlan Xiomara Possesed	Weapon Helmet Armor Leggings Boots											
mechta	TRUE	Satelite	venus		Tezctlan Xiomara Possesed	Weapon Helmet Armor Leggings Boots											
earth	TRUE	Planet		3		Weapon Helmet Armor Leggings Boots											
tsiolkovsky	TRUE	Satelite	earth			Weapon Helmet Armor Leggings Boots											
moon	TRUE	Satelite	earth		Moon Possesed	Weapon Helmet Armor Leggings Boots											
fuller	TRUE	Satelite	moon		Moon Possesed	Weapon Helmet Armor Leggings Boots											
mars	TRUE	Planet		4	Mars Possesed	Weapon Helmet Armor Leggings Boots											
phobos	TRUE	Satelite	mars		Mars Possesed	Weapon Helmet Armor Leggings Boots											
deimos	TRUE	Satelite	mars		Mars Possesed	Weapon Helmet Armor Leggings Boots											
ceres	TRUE	Planet		5	Cattaram Possesed	Weapon Helmet Armor Leggings Boots											
wernher	TRUE	Planet		5	Cattaram Possesed	Weapon Helmet Armor Leggings Boots											
vesta	TRUE	Planet		5	Ron Possesed	Weapon Helmet Armor Leggings Boots											
pallas	TRUE	Planet		5	Ron Possesed	Weapon Helmet Armor Leggings Boots											
geist	TRUE	Planet		5	Scrivnus Possesed	Weapon Helmet Armor Leggings Boots											
interamnia	TRUE	Planet		5	Scrivnus Possesed	Weapon Helmet Armor Leggings Boots											
hungary	TRUE	Planet		5	Cattaram Possesed	Weapon Helmet Armor Leggings Boots											
annaherman	TRUE	Planet		5	Ron Possesed	Weapon Helmet Armor Leggings Boots											
hygeia	TRUE	Planet		5	Scrivnus Possesed	Weapon Helmet Armor Leggings Boots											
hekate	FALSE	Planet		5		Weapon Helmet Armor Leggings Boots											
jupiter	TRUE	Planet		6		Weapon Helmet Armor Leggings Boots											
io	TRUE	Satelite	jupiter			Weapon Helmet Armor Leggings Boots											
europa	TRUE	Satelite	jupiter			Weapon Helmet Armor Leggings Boots											
ganymede	TRUE	Satelite	jupiter			Weapon Helmet Armor Leggings Boots											
callisto	TRUE	Satelite	jupiter			Weapon Helmet Armor Leggings Boots											
saturn	FALSE	Planet		7		Weapon Helmet Armor Leggings Boots											
mimas	FALSE	Satelite	saturn			Weapon Helmet Armor Leggings Boots											
enceladus	FALSE	Satelite	saturn			Weapon Helmet Armor Leggings Boots											
tethys	FALSE	Satelite	saturn			Weapon Helmet Armor Leggings Boots											
dione	FALSE	Satelite	saturn			Weapon Helmet Armor Leggings Boots											
rhea	FALSE	Satelite	saturn			Weapon Helmet Armor Leggings Boots											
titan	FALSE	Satelite	saturn			Weapon Helmet Armor Leggings Boots											
iapetus	FALSE	Satelite	saturn			Weapon Helmet Armor Leggings Boots											
uranus	FALSE	Planet		8		Weapon Helmet Armor Leggings Boots											
miranda	FALSE	Satelite	uranus			Weapon Helmet Armor Leggings Boots											
ariel	FALSE	Satelite	uranus			Weapon Helmet Armor Leggings Boots											
umbriel	FALSE	Satelite	uranus			Weapon Helmet Armor Leggings Boots											
titania	FALSE	Satelite	uranus			Weapon Helmet Armor Leggings Boots											
oberon	FALSE	Satelite	uranus			Weapon Helmet Armor Leggings Boots											
neptune	FALSE	Planet		9		Weapon Helmet Armor Leggings Boots											
triton	FALSE	Satelite	neptune			Weapon Helmet Armor Leggings Boots											
pluto	FALSE	Planet		10		Weapon Helmet Armor Leggings Boots											
#end																	
																	
#stations																	
Id	SpaceObjectId	InitialOwnerFactionId	StationType	SpaceObjectItemDropPercent	Power	PowerGain	TechLevelGain	UncapturableByDefault	CaptureChance	MissionTemplateId	MissionNameTemplateId	BramfaturaId	InitialPopulation	MaxPopulation			
FlatObsidian	mercury	CResistance	Military	0.10	0	1	1	FALSE	0.2	mercury2	mercurySurfaceLevels	Mercury	8379	44100			
Rachmaninoff	mercury	CoreWard	SpaceStation	0.15	0	1	3	TRUE	0.2	orbit1	mercurySurfaceLevels	Mercury	18538	40300			
Discovery	mercury	AnCom	Lab	0.05	0	2	3	FALSE	0.2	lab1	mercurySurfaceLevels	Mercury	28985	52700			
CalorisPlanitia	mercury	RealWare	Mine	0.15	0	1	1	FALSE	0.2	mercury5	mercurySurfaceLevels	Mercury	7524	41800			
Goethe	mercury	RealWare	Civilian	0.10	0	1	2	FALSE	0.2	military1	mercurySurfaceLevels	Mercury	17200	43000			
Boethius	mercury	SBN	Industrial	0.15	0	1	3	FALSE	0.2	industrial2	mercurySurfaceLevels	Mercury	11240	56200			
Mammoth	mercury	PlanetBridge	SpaceStation	0.10	0	1	3	FALSE	0.2	mercury1	mercurySurfaceLevels	Mercury	17197	59300			
Rhino	volcano	RealWare	Industrial	0.15	0	1	2	FALSE	0.2	industrial2	mercurySurfaceLevels	Mercury	29521	55700			
Kizzuwatna	volcano	CResistance	ColonyFarm	0.10	0	1	3	FALSE	0.2	orbit2	mercurySurfaceLevels	Mercury	17777	61300			
Lomonosov	volcano	PlanetBridge	Lab	0.05	0	1	3	FALSE	0.2	lab1	mercurySurfaceLevels	Mercury	10647	50700			
GammaHydra	citadel	PlanetBridge	Lab	0.05	0	1	3	FALSE	0.2	lab1	mercurySurfaceLevels	Mercury	11115	58500			
EnergyOne	citadel	ChurchRevelation	Industrial	0.15	0	1	3	FALSE	0.2	industrial1	mercurySurfaceLevels	Mercury	23638	44600			
Photosphere	citadel	RealWare	ColonyFarm	0.10	0	1	3	FALSE	0.2	orbit1	mercurySurfaceLevels	Mercury	19364	41200			
JourneyOfFire	citadel	AnCom	Civilian	0.10	0	2	2	FALSE	0.2	mercury4	mercurySurfaceLevels	Mercury	24596	57200			
Campbell	citadel	DaydreamChems	Lab	0.05	0	2	3	FALSE	0.2	lab1	mercurySurfaceLevels	Mercury	13392	55800			
IbsaPrison	venus	Tezctlan	Prison	0.20	0	2	1	FALSE	0.2	prison1	mercurySurfaceLevels	Venus	21087	63900			
Jinxing	venus	Grasshopper	SpaceStation	0.10	0	1	3	FALSE	0.2	orbit1	mercurySurfaceLevels	Venus	10920	36400			
HISUnveiled	venus	AnCom	SpaceStation	0.10	0	4	3	TRUE	0.2	orbit1	mercurySurfaceLevels	Venus	13662	41400			
FrescoPlatforms	venus	Tezctlan	SpaceStation	0.10	0	1	1	FALSE	0.2	orbit1	mercurySurfaceLevels	Venus	32945	59900			
LouhiCity	venus	CoreWard	ColonyFarm	0.10	0	2	2	FALSE	0.2	venus1	mercurySurfaceLevels	Venus	35145	63900			
Fortuna	venus	ChurchRevelation	Civilian	0.10	0	2	3	FALSE	0.2	venus2	mercurySurfaceLevels	Venus	14450	57800			
Oddibjord	venus	Tezctlan	SpaceStation	0.10	0	1	1	TRUE	0.2	orbit1	mercurySurfaceLevels	Venus	14056	50200			
Clotho	venus	RealWare	Industrial	0.15	0	1	1	FALSE	0.2	industrial2	mercurySurfaceLevels	Venus	18942	57400			
FeatheredTemple	venus	Tezctlan	QuasimorphicTemple	0.35	0	5	5	TRUE	0.2	venus1	mercurySurfaceLevels	Venus	19320	69000			
SubRosa	mechta	AnCom	Civilian	0.10	0	2	3	FALSE	0.2	orbit1	mercurySurfaceLevels	Venus	16140	53800			
February	mechta	FrancheComte	Prison	0.20	0	1	2	TRUE	0.2	prison1	mercurySurfaceLevels	Venus	40474	68600			
Kyoko	mechta	DaydreamChems	Civilian	0.10	0	1	2	FALSE	0.2	orbit1	mercurySurfaceLevels	Venus	28704	55200			
MechtaShooting	mechta	FrancheComte	Military	0.10	0	2	2	FALSE	0.2	orbit1	mercurySurfaceLevels	Venus	15179	35300			
Kitchen	mechta	AnCom	Civilian	0.10	0	1	3	FALSE	0.2	orbit1	mercurySurfaceLevels	Venus	23016	54800			
EStation	mechta	DaydreamChems	Civilian	0.10	0	1	1	FALSE	0.2	orbit1	mercurySurfaceLevels	Venus	12927	41700			
Purgatory	mechta	SBN	SpaceStation	0.10	0	1	3	FALSE	0.2	orbit1	mercurySurfaceLevels	Venus	9265	54500			
Edge	havoc	FrancheComte	Civilian	0.10	0	2	3	FALSE	0.2	mars1	mercurySurfaceLevels	Venus	7575	50500			
Blade	havoc	Sunlight	Military	0.10	0	1	2	FALSE	0.2	mars1	mercurySurfaceLevels	Venus	16564	40400			
SampoQuern	havoc	SBN	Industrial	0.15	0	2	2	FALSE	0.2	industrial2	mercurySurfaceLevels	Venus	21240	35400			
VenusTwo	havoc	AnCom	ColonyFarm	0.10	0	1	1	FALSE	0.2	moon1	mercurySurfaceLevels	Venus	13272	63200			
PromisedLand	havoc	DaydreamChems	ColonyFarm	0.10	0	1	1	FALSE	0.2	venus3	mercurySurfaceLevels	Venus	10098	37400			
HeritageStation	earth	SBN	Civilian	0.10	0	1	2	TRUE	0.2	orbit1	mercurySurfaceLevels	Earth	24794	53900			
ArcadisTerminal	earth	PlanetBridge	Industrial	0.15	0	1	3	TRUE	0.2	industrial1	mercurySurfaceLevels	Earth	31460	57200			
PineGapTraining	earth	ChurchRevelation	Civilian	0.10	0	1	3	TRUE	0.2	military1	mercurySurfaceLevels	Earth	16380	36400			
Skylab	earth	RealWare	Lab	0.05	0	1	3	TRUE	0.2	orbit1	mercurySurfaceLevels	Earth	14300	55000			
ISSStation	earth	SBN	SpaceStation	0.10	0	2	2	TRUE	0.2	orbit1	mercurySurfaceLevels	Earth	18672	38900			
Akatsuki	earth	DaydreamChems	SpaceStation	0.10	0	2	3	TRUE	0.2	orbit1	mercurySurfaceLevels	Earth	11910	39700			
Paragon	earth	Grasshopper	SpaceStation	0.10	0	2	3	TRUE	0.2	orbit1	mercurySurfaceLevels	Earth	19504	42400			
Phenomenon	earth	AnCom	SpaceStation	0.10	0	2	2	TRUE	0.2	orbit1	mercurySurfaceLevels	Earth	20678	42200			
SterlingsFarm	fuller	ChurchRevelation	ColonyFarm	0.10	0	1	1	FALSE	0.2	orbit1	mercurySurfaceLevels	Moon	6300	35000			
HartsWarehouse	fuller	CoreWard	SpaceStation	0.10	0	1	1	FALSE	0.2	orbit1	mercurySurfaceLevels	Moon	14760	36900			
FullersCore	fuller	FrancheComte	Civilian	0.10	0	2	3	TRUE	0.2	orbit1	mercurySurfaceLevels	Moon	16260	54200			
PlatosAcademy	fuller	AnCom	Civilian	0.10	0	1	2	FALSE	0.2	lab1	mercurySurfaceLevels	Moon	24144	50300			
AvicennasClinic	fuller	DaydreamChems	Lab	0.05	0	1	2	TRUE	0.2	lab1	mercurySurfaceLevels	Moon	9280	58000			
VanDeGraaff	tsiolkovsky	SBN	Lab	0.05	0	1	2	FALSE	0.2	lab1	mercurySurfaceLevels	Earth	11252	38800			
ChickMoo	tsiolkovsky	RealWare	Industrial	0.15	0	1	3	FALSE	0.2	industrial1	mercurySurfaceLevels	Earth	9816	40900			
LandscronaCenter	tsiolkovsky	Sunlight	Civilian	0.10	0	2	1	FALSE	0.2	orbit1	mercurySurfaceLevels	Earth	12480	52000			
CenterDefense	tsiolkovsky	DaydreamChems	Military	0.10	0	1	3	FALSE	0.2	orbit1	mercurySurfaceLevels	Earth	17808	37100			
ZeroGravity	tsiolkovsky	SBN	Military	0.10	0	1	3	FALSE	0.2	orbit1	mercurySurfaceLevels	Earth	19769	37300			
MTZ	moon	Sunlight	SpaceStation	0.10	0	2	2	FALSE	0.2	orbit1	mercurySurfaceLevels	Moon	30660	73000			
QiHelium	moon	FrancheComte	Industrial	0.15	0	1	3	FALSE	0.2	industrial1	mercurySurfaceLevels	Moon	21471	42100			
AnCapDogma	moon	Grasshopper	Industrial	0.15	0	1	1	FALSE	0.2	industrial1	mercurySurfaceLevels	Moon	18011	58100			
MoonTradeCenter	moon	SBN	Civilian	0.10	0	1	3	FALSE	0.2	moon2	mercurySurfaceLevels	Moon	26256	54700			
Candle	moon	RealWare	Civilian	0.10	0	2	3	TRUE	0.2	military1	mercurySurfaceLevels	Moon	17197	59300			
AllianceArcology	moon	ChurchRevelation	Civilian	0.10	0	2	2	FALSE	0.2	moon2	mercurySurfaceLevels	Moon	11020	58000			
Tycho	moon	PlanetBridge	SpaceStation	0.10	0	2	1	FALSE	0.2	orbit1	mercurySurfaceLevels	Moon	20736	57600			
ShuCenter	mars	SBN	Civilian	0.10	0	1	2	FALSE	0.2	mars2	mercurySurfaceLevels	Mars_Sleeping	34980	58300			
RedTiangong	mars	Tianming	Industrial	0.10	0	2	2	TRUE	0.2	industrial1	mercurySurfaceLevels	Mars_Sleeping	14328	39800			
RebusSkyCity	mars	AnCom	SpaceStation	0.10	0	2	3	FALSE	0.2	orbit1	mercurySurfaceLevels	Mars_Sleeping	38760	64600			
HISAres	mars	RealWare	SpaceStation	0.10	0	2	2	TRUE	0.2	orbit1	mercurySurfaceLevels	Mars_Sleeping	22440	44000			
Argyre	mars	DaydreamChems	Mine	0.15	0	2	2	FALSE	0.2	mars4	mercurySurfaceLevels	Mars_Sleeping	17433	44700			
SinkholeOasis	mars	FrancheComte	Military	0.10	0	2	3	TRUE	0.2	mars1	mercurySurfaceLevels	Mars_Sleeping	15392	41600			
Gloria	mars	Sunlight	SpaceStation	0.10	0	1	2	FALSE	0.2	mars5	mercurySurfaceLevels	Mars_Sleeping	27097	55300			
IntercityTradeCenter	mars	SBN	Civilian	0.10	0	2	2	FALSE	0.2	mars3	mercurySurfaceLevels	Mars_Sleeping	22192	58400			
Charon	phobos	PlanetBridge	SpaceStation	0.10	0	1	1	TRUE	0.2	orbit1	mercurySurfaceLevels	Mars_Sleeping	29100	58200			
Canaan	phobos	CoreWard	Industrial	0.15	0	1	1	FALSE	0.2	industrial2	mercurySurfaceLevels	Mars_Sleeping	25429	43100			
Hypnos	phobos	Sunlight	ColonyFarm	0.10	0	1	2	FALSE	0.2	moon3	mercurySurfaceLevels	Mars_Sleeping	23328	72900			
Orphan	phobos	CResistance	Mine	0.15	0	1	3	FALSE	0.2	moon4	mercurySurfaceLevels	Mars_Sleeping	11178	41400			
RogueCity	phobos	CResistance	ColonyFarm	0.10	0	4	2	TRUE	0.2	moon3	mercurySurfaceLevels	Mars_Sleeping	13300	66500			
SwiftAndVoltaire	deimos	ChurchRevelation	Lab	0.05	0	2	2	FALSE	0.2	moon2	mercurySurfaceLevels	Mars_Sleeping	29645	53900			
AresPost	deimos	RealWare	Military	0.10	0	1	1	FALSE	0.2	military1	mercurySurfaceLevels	Mars_Sleeping	6912	38400			
Warden	deimos	CResistance	ColonyFarm	0.10	0	1	3	FALSE	0.2	moon1	mercurySurfaceLevels	Mars_Sleeping	15550	62200			
DarkFlora	deimos	Sunlight	Civilian	0.10	0	2	3	TRUE	0.2	military1	mercurySurfaceLevels	Mars_Sleeping	27000	60000			
Sundog	deimos	CResistance	Industrial	0.15	0	1	1	FALSE	0.2	industrial2	mercurySurfaceLevels	Mars_Sleeping	14619	44300			
Epitome	ceres	Dilthey	ColonyFarm	0.10	0	2	2	FALSE	0.2	cerera1	mercurySurfaceLevels	Cattaram	24124	65200			
Angel	ceres	Grasshopper	Industrial	0.15	0	2	1	TRUE	0.2	industrial2	mercurySurfaceLevels	Cattaram	11220	37400			
Eos	ceres	CoreWard	Mine	0.15	0	2	1	TRUE	0.2	cerera1	mercurySurfaceLevels	Cattaram	15906	72300			
Lumina	ceres	Grasshopper	Mine	0.15	0	1	1	FALSE	0.2	cerera2	mercurySurfaceLevels	Cattaram	19656	35100			
Oracle	ceres	RealWare	Military	0.10	0	1	1	FALSE	0.2	cerera1	mercurySurfaceLevels	Cattaram	26312	57200			
Flinthold	ceres	ChurchRevelation	Mine	0.15	0	1	1	FALSE	0.2	cerera2	mercurySurfaceLevels	Cattaram	18870	37000			
Nox	ceres	Tianming	SpaceStation	0.10	0	1	2	FALSE	0.2	orbit1	mercurySurfaceLevels	Cattaram	22048	41600			
BlueMoon	ceres	UnchainedBelt	SpaceStation	0.10	0	1	1	FALSE	0.2	orbit1	mercurySurfaceLevels	Cattaram	29121	57100			
Pedigree	ceres	Dilthey	Civilian	0.10	0	1	1	FALSE	0.2	cerera2	mercurySurfaceLevels	Cattaram	30299	73900			
Frostreach	wernher	SBN	Military	0.10	0	2	2	FALSE	0.2	moon4	mercurySurfaceLevels	Cattaram	23055	43500			
Jaffa	wernher	Grasshopper	SpaceStation	0.10	0	1	1	FALSE	0.2	orbit1	mercurySurfaceLevels	Cattaram	20026	52700			
Cryptoria	wernher	PlanetBridge	Civilian	0.10	0	1	2	FALSE	0.2	moon4	mercurySurfaceLevels	Cattaram	17616	36700			
Carmel	vesta	CoreWard	Mine	0.15	0	1	1	FALSE	0.2	moon4	mercurySurfaceLevels	Ron	18814	40900			
Lavinium	vesta	CoreWard	Mine	0.15	0	1	1	FALSE	0.2	moon4	mercurySurfaceLevels	Ron	17602	67700			
AriciaTholus	vesta	Dilthey	Mine	0.15	0	1	2	FALSE	0.2	moon4	mercurySurfaceLevels	Ron	14355	43500			
HISWoodpecker	vesta	CoreWard	SpaceStation	0.10	0	2	2	FALSE	0.2	orbit1	mercurySurfaceLevels	Ron	19504	36800			
Bethlehem	pallas	UnchainedBelt	Industrial	0.15	0	1	1	FALSE	0.2	industrial2	mercurySurfaceLevels	Ron	9972	55400			
TSWatcher	pallas	UnchainedBelt	Industrial	0.15	0	2	2	FALSE	0.2	industrial2	mercurySurfaceLevels	Ron	12672	39600			
HumankindsHope	pallas	AnCom	Military	0.10	0	2	2	FALSE	0.2	moon4	mercurySurfaceLevels	Ron	15531	50100			
Origin	pallas	CoreWard	Mine	0.15	0	1	1	FALSE	0.2	moon4	mercurySurfaceLevels	Ron	14665	41900			
Vasa	geist	Dilthey	SpaceStation	0.10	0	2	3	TRUE	0.2	orbit1	mercurySurfaceLevels	Scrivnus	37408	66800			
Malmo	geist	Dilthey	SpaceStation	0.10	0	1	2	FALSE	0.2	orbit1	mercurySurfaceLevels	Scrivnus	20064	62700			
Schwerin	geist	UnchainedBelt	SpaceStation	0.10	0	1	1	FALSE	0.2	orbit1	mercurySurfaceLevels	Scrivnus	14703	50700			
Hargeysa	interamnia	UnchainedBelt	Military	0.10	0	2	3	TRUE	0.2	military1	mercurySurfaceLevels	Scrivnus	41325	72500			
Jamame	interamnia	CResistance	SpaceStation	0.10	0	1	1	TRUE	0.2	moon3	mercurySurfaceLevels	Scrivnus	25830	57400			
Forward	hungary	Tianming	Civilian	0.10	0	2	3	FALSE	0.2	moon4	mercurySurfaceLevels	Cattaram	24687	48400			
Dubrovskiy	hungary	UnchainedBelt	ColonyFarm	0.10	0	2	3	FALSE	0.2	moon4	mercurySurfaceLevels	Cattaram	16537	52000			
Budapest	hungary	Dilthey	Industrial	0.10	0	2	3	FALSE	0.2	industrial2	mercurySurfaceLevels	Cattaram	13455	35500			
Rommel	annaherman	DaydreamChems	Mine	0.15	0	2	3	FALSE	0.2	moon4	mercurySurfaceLevels	Ron	26678	56400			
Patton	annaherman	Tianming	Mine	0.15	0	2	3	FALSE	0.2	moon4	mercurySurfaceLevels	Ron	9846	23900			
Zhukov	annaherman	Dilthey	Mine	0.15	0	2	3	FALSE	0.2	moon4	mercurySurfaceLevels	Ron	11556	39800			
Montgomery	annaherman	FrancheComte	Prison	0.15	0	2	3	FALSE	0.2	prison1	mercurySurfaceLevels	Ron	6742	24500			
Connelly	hygeia	Dilthey	ColonyFarm	0.10	0	2	3	FALSE	0.2	moon4	mercurySurfaceLevels	Scrivnus	12456	42420			
Sewell	hygeia	ChurchRevelation	Civilian	0.10	0	2	3	TRUE	0.2	moon4	mercurySurfaceLevels	Scrivnus	14856	36200			
Proyas	hygeia	CResistance	Lab	0.05	0	2	3	FALSE	0.2	moon2	mercurySurfaceLevels	Scrivnus	8566	24600			
RedThrone	hekate	CResistance	SpaceStation	0.10	0	2	3	TRUE	0.2	moon4	mercurySurfaceLevels	Flauros	43542	73800			
Galileo	jupiter	AnCom	Lab	0.05	0	1	3	FALSE	0.2	jupiter3	mercurySurfaceLevels	Flauros	11393	12900			
CathodeRampart	jupiter	Tianming	Industrial	0.15	0	1	2	FALSE	0.2	industrial1	mercurySurfaceLevels	Flauros	5390	8500			
Zephyr	jupiter	Dilthey	Military	0.10	0	3	1	FALSE	0.2	jupiter2	mercurySurfaceLevels	Flauros	8701	10900			
Zeus	jupiter	Sunlight	Industrial	0.10	0	1	2	FALSE	0.2	industrial1	mercurySurfaceLevels	Flauros	6481	8700			
TeslaRing	jupiter	CResistance	Military	0.10	0	3	1	FALSE	0.2	jupiter2	mercurySurfaceLevels	Flauros	3883	6100			
Ark	jupiter	Grasshopper	Civilian	0.10	0	1	1	FALSE	0.2	jupiter1	mercurySurfaceLevels	Flauros	34668	42300			
Stratagem	jupiter	Tianming	Military	0.10	0	3	1	FALSE	0.2	jupiter2	mercurySurfaceLevels	Flauros	27974	30900			
PintadoPetrel	jupiter	PlanetBridge	Civilian	0.10	0	2	2	FALSE	0.2	jupiter1	mercurySurfaceLevels	Flauros	14747	30300			
Juphub	jupiter	ChurchRevelation	SpaceStation	0.10	0	2	2	FALSE	0.2	jupiter1	mercurySurfaceLevels	Flauros	11204	21900			
HadesTorchlight	io	PlanetBridge	Mine	0.15	0	2	1	FALSE	0.2	io1	mercurySurfaceLevels	Flauros	14327	25600			
AliJinnah	io	Dilthey	Industrial	0.15	0	1	2	FALSE	0.2	industrial2	mercurySurfaceLevels	Flauros	9652	11700			
DantePeak	io	Sunlight	Lab	0.05	0	1	3	FALSE	0.2	io1	mercurySurfaceLevels	Flauros	11623	19700			
Escher	ganymede	UnchainedBelt	Military	0.10	0	3	1	FALSE	0.2	ganymede1	mercurySurfaceLevels	Flauros	11782	19900			
Mobius	ganymede	FrancheComte	Mine	0.15	0	2	1	FALSE	0.2	ganymede1	mercurySurfaceLevels	Flauros	18096	23000			
Korotsev	ganymede	Tianming	ColonyFarm	0.10	0	2	2	TRUE	0.2	ganymede1	mercurySurfaceLevels	Flauros	20319	31000			
Freyja	europa	Sunlight	Lab	0.05	0	1	3	TRUE	0.2	europa2	mercurySurfaceLevels	Flauros	17458	23000			
MacReady	europa	Grasshopper	Lab	0.05	0	1	3	FALSE	0.2	europa2	mercurySurfaceLevels	Flauros	19985	25600			
BiosphereEU	europa	Tianming	ColonyFarm	0.10	0	2	2	FALSE	0.2	europa1	mercurySurfaceLevels	Flauros	17080	30700			
Chancellor	europa	FrancheComte	Prison	0.20	0	2	2	FALSE	0.2	europa1	mercurySurfaceLevels	Flauros	6050	14000			
Abyss2199	europa	Tianming	Mine	0.15	0	2	1	FALSE	0.2	europa1	mercurySurfaceLevels	Flauros	14327	21000			
MirrorMain	callisto	Tianming	SpaceStation	0.10	0	3	1	FALSE	0.2	jupiter1	mercurySurfaceLevels	Flauros	7563	9900			
GravityRaimbow	callisto	Dilthey	Industrial	0.15	0	1	2	TRUE	0.2	industrial1	mercurySurfaceLevels	Flauros	9697	14700			
NewKent	callisto	Tianming	ColonyFarm	0.10	0	2	2	FALSE	0.2	callisto1	mercurySurfaceLevels	Flauros	16297	21060			
Jumpstart	callisto	Grasshopper	Military	0.10	0	3	1	FALSE	0.2	callisto1	mercurySurfaceLevels	Flauros	15887	23840			
Lightbay	callisto	CResistance	Mine	0.15	0	2	1	FALSE	0.2	callisto1	mercurySurfaceLevels	Flauros	16984	22340			
Deepsky	callisto	UnchainedBelt	Military	0.10	0	3	1	FALSE	0.2	callisto1	mercurySurfaceLevels	Flauros	12023	26000			
Aynrand	callisto	UnchainedBelt	Civilian	0.10	0	2	1	FALSE	0.2	callisto1	mercurySurfaceLevels	Flauros	26027	35200			
#end																	
																	
#stationtypes																	
Id	ItemDropCategories	FactionItemClassWeight	FactionArmorClassWeight	FactionWeaponClassWeight													
Industrial	Common Worker Robot	Blueprint 0.4 Armor 0.2 Helmet 0.2 Leggings 0.2 Boots 0.2 Weapon 0.5 Ammo 0.3 Backpack 0.1 Vest 0.1 Medpack 0.1 Pills 0.1 Syringe 0.1 Dressing 0.1 Parts 0.2 RepairKit 0.2 Turret 0.1	Cloth 0.1 HardCloth 0.3 LightArmor 0.3 MediumArmor 0.2 HeavyArmor 0.2 	Pistol 0.2 Shotgun 0.3 Smg 0.3 AssaultRifle 0.4 MarksmanRifle 0.4 Machinegun 0.3 Minigun 0.2 HFG 0.2 GrenadeLauncher 0.2 Flamethrower 0.3 Discthrower 0.3 Knife 0.1 Blade 0.1 Club 0.1 Axe 0.1 Chainsaw 0.3 													
Lab	Common Science Medical Military Robot	Blueprint 0.6 Armor 0.3 Helmet 0.3 Leggings 0.3 Boots 0.3 Weapon 0.5 Ammo 0.3 Backpack 0.2 Vest 0.2 Medpack 0.1 Pills 0.1 Syringe 0.1 Dressing 0.1 Parts 0.2 RepairKit 0.2 MilitaryBarter 0.1	Cloth 0.3 HardCloth 0.3 LightArmor 0.3 MediumArmor 0.2 HeavyArmor 0.1	Pistol 0.4 Shotgun 0.4 Smg 0.3 AssaultRifle 0.1 MarksmanRifle 0.1 Machinegun 0.1 Minigun 0.1 HFG 0.1 GrenadeLauncher 0.1 Flamethrower 0.1 Discthrower 0.1 Knife 0.2 Blade 0.2 Club 0.2 Axe 0.2 Chainsaw 0.1													
Mine	Common Miner Robot	Blueprint 0.2 Armor 0.2 Helmet 0.2 Leggings 0.2 Boots 0.2 Weapon 0.4 Ammo 0.2 Backpack 0.1 Vest 0.1 Medpack 0.1 Pills 0.1 Syringe 0.1 Dressing 0.1 Parts 0.2 RepairKit 0.2	Cloth 0.2 HardCloth 0.3 LightArmor 0.3 MediumArmor 0.2 HeavyArmor 0.1	Pistol 0.3 Shotgun 0.3 Smg 0.3 AssaultRifle 0.2 MarksmanRifle 0.2 Machinegun 0.1 Minigun 0.1 HFG 0.1 GrenadeLauncher 0.1 Flamethrower 0.2 Discthrower 0.3 Knife 0.1 Blade 0.1 Club 0.3 Axe 0.3 Chainsaw 0.3													
Military	Common Police Military	Blueprint 0.2 Armor 0.5 Helmet 0.5 Leggings 0.5 Boots 0.5 Weapon 0.8 Ammo 0.6 Backpack 0.3 Vest 0.3 Medpack 0.2 Pills 0.2 Syringe 0.2 Dressing 0.2 Parts 0.1 RepairKit 0.1 MilitaryBarter 0.1 Turret 0.1 Mine 0.1 Grenade 0.1	Cloth 0.1 HardCloth 0.1 LightArmor 0.2 MediumArmor 0.3 HeavyArmor 0.3	Pistol 0.1 Shotgun 0.2 Smg 0.2 AssaultRifle 0.4 MarksmanRifle 0.4 Machinegun 0.3 Minigun 0.3 HFG 0.1 GrenadeLauncher 0.2 Flamethrower 0.1 Discthrower 0.1 Knife 0.2 Blade 0.2 Club 0.2 Axe 0.2 Chainsaw 0.1													
Prison	Common Prison Police	Blueprint 0.1 Armor 0.2 Helmet 0.2 Leggings 0.2 Boots 0.2 Weapon 0.4 Ammo 0.3 Backpack 0.1 Vest 0.1 Medpack 0.1 Pills 0.1 Syringe 0.1 Dressing 0.1 Parts 0.1 RepairKit 0.1 MilitaryBarter 0.1 Turret 0.1 Mine 0.1 Grenade 0.1	Cloth 0.2 HardCloth 0.3 LightArmor 0.3 MediumArmor 0.3 HeavyArmor 0.2 	Pistol 0.3 Shotgun 0.4 Smg 0.4 AssaultRifle 0.3 MarksmanRifle 0.2 Machinegun 0.1 Minigun 0.1 HFG 0.1 GrenadeLauncher 0.1 Flamethrower 0.1 Discthrower 0.1 Knife 0.3 Blade 0.2 Club 0.3 Axe 0.2 Chainsaw 0.4 													
ColonyFarm	Common Managment Worker Police	Blueprint 0.3 Armor 0.3 Helmet 0.3 Leggings 0.3 Boots 0.3 Weapon 0.5 Ammo 0.3 Backpack 0.2 Vest 0.2 Medpack 0.2 Pills 0.2 Syringe 0.2 Dressing 0.2 Parts 0.2 RepairKit 0.2	Cloth 0.3 HardCloth 0.3 LightArmor 0.2 MediumArmor 0.2 HeavyArmor 0.1	Pistol 0.4 Shotgun 0.4 Smg 0.4 AssaultRifle 0.2 MarksmanRifle 0.2 Machinegun 0.1 Minigun 0.1 HFG 0.1 GrenadeLauncher 0.1 Flamethrower 0.2 Discthrower 0.1 Knife 0.4 Blade 0.4 Club 0.4 Axe 0.4 Chainsaw 0.3													
Civilian	Common Worker Managment Medical Police	Blueprint 0.3 Armor 0.2 Helmet 0.2 Leggings 0.2 Boots 0.2 Weapon 0.4 Ammo 0.2 Backpack 0.1 Vest 0.1 Medpack 0.2 Pills 0.2 Syringe 0.2 Dressing 0.2 Parts 0.1 RepairKit 0.1	Cloth 0.3 HardCloth 0.3 LightArmor 0.2 MediumArmor 0.1 HeavyArmor 0.1	Pistol 0.4 Shotgun 0.4 Smg 0.3 AssaultRifle 0.2 MarksmanRifle 0.1 Machinegun 0.1 Minigun 0.1 HFG 0.1 GrenadeLauncher 0.1 Flamethrower 0.2 Discthrower 0.2 Knife 0.3 Blade 0.2 Club 0.3 Axe 0.2 Chainsaw 0.1													
QuasimorphicTemple	Possesed	Blueprint 0.3 Armor 0.2 Helmet 0.2 Leggings 0.2 Boots 0.2 Weapon 0.4 Ammo 0.2 Backpack 0.1 Vest 0.1 Medpack 0.1 Pills 0.1 Syringe 0.1 Dressing 0.1 Parts 0.1 RepairKit 0.1 MilitaryBarter 0.1 Turret 0.1 Mine 0.1 Grenade 0.1	Cloth 0.2 HardCloth 0.1 LightArmor 0.1 MediumArmor 0.3 HeavyArmor 0.3	Pistol 0.1 Shotgun 0.1 Smg 0.1 AssaultRifle 0.1 MarksmanRifle 0.1 Machinegun 0.1 Minigun 0.1 HFG 0.1 GrenadeLauncher 0.1 Flamethrower 0.1 Discthrower 0.1 Knife 0.1 Blade 0.1 Club 0.1 Axe 0.1 Chainsaw 0.1													
SpaceStation	Common Worker Managment Police	Blueprint 0.3 Armor 0.3 Helmet 0.3 Leggings 0.3 Boots 0.3 Weapon 0.4 Ammo 0.2 Backpack 0.1 Vest 0.1 Medpack 0.1 Pills 0.1 Syringe 0.1 Dressing 0.1 Parts 0.1 RepairKit 0.1 Turret 0.1	Cloth 0.3 HardCloth 0.3 LightArmor 0.3 MediumArmor 0.2 HeavyArmor 0.1	Pistol 0.4 Shotgun 0.3 Smg 0.3 AssaultRifle 0.1 MarksmanRifle 0.1 Machinegun 0.1 Minigun 0.1 HFG 0.1 GrenadeLauncher 0.1 Flamethrower 0.2 Discthrower 0.2 Knife 0.3 Blade 0.2 Club 0.3 Axe 0.2 Chainsaw 0.1													
#end																	
																	
#procmissions																	
ProcMissionType	WeightsByStrategy	ReverseMissionType	PowerCost	MinObjectivesCount	MaxObjectivesCount	CapturesStationOnWin	LosesStationOnLose	StationPopulationDebuffRange	StationPowerDebuff	PowerBuff	PowerDebuff	StationTechLevelDebuff	TechLevelBuff	TechLevelDebuff	NewsTypeStart	NewsTypeEndGood	NewsTypeEndFail
RaiderCapture	Expansion 100 Vengeance 100	Defense	150	0	0	TRUE	FALSE	200 500	0	200	0	0	0	0	ConquestStart	ConquestEndGood	ConquestEndFail
Elimination	Expansion 35 Scouting 65 Vengeance 35	Escort	150	1	1	FALSE	FALSE	100 250	100	200	200	0	0	0	EliminationStart	EliminationEndGood	EliminationEndFail
Sabotage	Scouting 65 Expansion 35 Vengeance 35	Control	150	1	3	FALSE	FALSE	100 250	200	400	400	50	0	0	SabotageStart	SabotageEndGood	SabotageEndFail
Espionage	Scouting 65 Defense 35	Infiltration	150	1	1	FALSE	FALSE	100 250	0	200	200	100	20	10	EspionageStart	EspionageEndGood	EspionageEndFail
Ritual	Expansion 65 Scouting 35 Vengeance 65	Counterattack	150	0	0	FALSE	FALSE	200 500	100	200	200	0	20	0	RitualStart	RitualEndGood	RitualEndFail
Robbery	Expansion 33 Scouting 33 Defense 33 Vengeance 33	Security	150	2	6	FALSE	FALSE	100 250	200	400	400	0	0	0	RobberyStart	RobberyEndGood	RobberyEndFail
Defense		RaiderCapture	0	0	0	FALSE	TRUE	0 100	0	200	0	0	5	0	DefenseStart	DefenseEndGood	DefenseEndFail
Infiltration		Espionage	0	2	5	FALSE	FALSE	0 50	0	200	0	0	0	0	InfiltrationStart	InfiltrationEndGood	InfiltrationEndFail
Control		Sabotage	0	2	3	FALSE	FALSE	0 50	0	400	0	0	0	0	ControlStart	ControlEndGood	ControlEndFail
Escort		Elimination	0	0	0	FALSE	FALSE	0 50	0	200	0	0	0	0	EscortStart	EscortEndGood	EscortEndFail
Counterattack		Ritual	0	0	0	FALSE	FALSE	0 100	0	200	0	0	0	10	CounterattackStart	CounterattackEndGood	CounterattackEndFail
Security		Robbery	0	0	0	FALSE	FALSE	0 50	0	400	0	0	0	0	SecurityStart	SecurityEndGood	SecurityEndFail
#end																	
																	
#procmissiontemplates																	
Id	StartFromSpaceship	GridWidth	GridHeight	PresetFolders	GlobalLight	GlobalLightIntensity	SurfaceTilsets	SurfaceTilsetsAlt	CornerWallTilesets	CornerWallTilesetsAlt	FillType	FillTypeAlt	VerticalDoorObstacleName	HorizontalDoorObstacleName	VerticalDoorObstacleNameAlt	HorizontalDoorObstacleNameAlt	
venus1	TRUE	100	65	JunglePlatform MercuryStation	#a5bd7d	0.7	venus_jungle_surface venus_jungle_surface venus_jungle_surface venus_jungle_surface venus_jungle_surface gray_metal_deep_draft	mercury_metal_floor_normal mercury_metal_floor_normal mercury_metal_floor_normal mercury_metal_floor_normal mercury_metal_floor_normal mercury_metal_floor_normal	venus_jungle_cornerwall venus_jungle_cornerwall venus_jungle_cornerwall venus_jungle_cornerwall venus_jungle_cornerwall venera_surface_cave_cornerwall_normal	gray_metal_cornerwall_normal gray_metal_cornerwall_normal gray_metal_cornerwall_normal gray_metal_cornerwall_normal gray_metal_cornerwall_normal venera_surface_cave_cornerwall_normal	FillBordersSolid	FillBordersSolid	door_lab_vert	door_lab_hor	magnumDoor_vert	magnumDoor_hor	
venus2	TRUE	100	65	JunglePlatform VenusLab	#a5bd7d	0.7	venus_jungle_surface venus_jungle_surface venus_jungle_surface venus_jungle_surface venus_jungle_surface gray_metal_deep_draft	lab_floor_normal lab_floor_normal lab_floor_normal lab_floor_normal lab_floor_normal lab_floor_normal	venus_jungle_cornerwall venus_jungle_cornerwall venus_jungle_cornerwall venus_jungle_cornerwall venus_jungle_cornerwall venera_surface_cave_cornerwall_normal	moon_metal_cornerwall_normal moon_metal_cornerwall_normal moon_metal_cornerwall_normal moon_metal_cornerwall_normal moon_metal_cornerwall_normal venera_surface_cave_cornerwall_normal	FillBordersSolid	FillBordersSolid	door_lab_vert	door_lab_hor	door_lab_vert	door_lab_hor	
venus3	TRUE	100	65	JunglePlatform VenusLab	#a5bd7d	0.7	venus_jungle_surface venus_jungle_surface venus_jungle_surface venus_jungle_surface venus_jungle_surface gray_metal_deep_draft	lab_floor_normal lab_floor_normal lab_floor_normal lab_floor_normal lab_floor_normal lab_floor_normal	venus_jungle_cornerwall venus_jungle_cornerwall venus_jungle_cornerwall venus_jungle_cornerwall venus_jungle_cornerwall venera_surface_cave_cornerwall_normal	moon_metal_cornerwall_normal moon_metal_cornerwall_normal moon_metal_cornerwall_normal moon_metal_cornerwall_normal moon_metal_cornerwall_normal venera_surface_cave_cornerwall_normal	FillBordersSolid	FillBordersSolid	door_lab_vert	door_lab_hor	door_lab_vert	door_lab_hor	
venus4	TRUE	100	65	JunglePlatform VenusLab	#a5bd7d	0.7	venus_jungle_surface venus_jungle_surface venus_jungle_surface venus_jungle_surface venus_jungle_surface gray_metal_deep_draft	lab_floor_normal lab_floor_normal lab_floor_normal lab_floor_normal lab_floor_normal lab_floor_normal	venus_jungle_cornerwall venus_jungle_cornerwall venus_jungle_cornerwall venus_jungle_cornerwall venus_jungle_cornerwall venera_surface_cave_cornerwall_normal	moon_metal_cornerwall_normal moon_metal_cornerwall_normal moon_metal_cornerwall_normal moon_metal_cornerwall_normal moon_metal_cornerwall_normal venera_surface_cave_cornerwall_normal	FillBordersSolid	FillBordersSolid	door_lab_vert	door_lab_hor	door_lab_vert	door_lab_hor	
venus5	TRUE	100	65	JunglePlatform VenusLab	#a5bd7d	0.7	venus_jungle_surface venus_jungle_surface venus_jungle_surface venus_jungle_surface venus_jungle_surface gray_metal_deep_draft	lab_floor_normal lab_floor_normal lab_floor_normal lab_floor_normal lab_floor_normal lab_floor_normal	venus_jungle_cornerwall venus_jungle_cornerwall venus_jungle_cornerwall venus_jungle_cornerwall venus_jungle_cornerwall venera_surface_cave_cornerwall_normal	moon_metal_cornerwall_normal moon_metal_cornerwall_normal moon_metal_cornerwall_normal moon_metal_cornerwall_normal moon_metal_cornerwall_normal venera_surface_cave_cornerwall_normal	FillBordersSolid	FillBordersSolid	door_lab_vert	door_lab_hor	door_lab_vert	door_lab_hor	
mercury1	TRUE	100	65	MercurySurface MercuryStation	#bd9c7f	0.7	venera_surface_floor_normal venera_surface_floor_normal venera_surface_floor_normal venera_surface_floor_normal venera_surface_floor_normal gray_metal_deep_draft	mercury_metal_floor_normal mercury_metal_floor_normal mercury_metal_floor_normal mercury_metal_floor_normal mercury_metal_floor_normal mercury_metal_floor_normal	venera_surface_cave_cornerwall_normal venera_surface_cave_cornerwall_normal venera_surface_cave_cornerwall_normal venera_surface_cave_cornerwall_normal venera_surface_cave_cornerwall_normal venera_surface_cave_cornerwall_normal	gray_metal_cornerwall_normal gray_metal_cornerwall_normal gray_metal_cornerwall_normal gray_metal_cornerwall_normal gray_metal_cornerwall_normal venera_surface_cave_cornerwall_normal	FillBordersSolid	FillBordersSolid	door_1_vert	door_1_hor	magnumDoor_vert	magnumDoor_hor	
mercury2	TRUE	100	65	MercurySurface VenusLab	#bd9c7f	0.7	venera_surface_floor_normal venera_surface_floor_normal venera_surface_floor_normal venera_surface_floor_normal venera_surface_floor_normal gray_metal_deep_draft	lab_floor_normal lab_floor_normal lab_floor_normal lab_floor_normal lab_floor_normal lab_floor_normal	venera_surface_cave_cornerwall_normal venera_surface_cave_cornerwall_normal venera_surface_cave_cornerwall_normal venera_surface_cave_cornerwall_normal venera_surface_cave_cornerwall_normal venera_surface_cave_cornerwall_normal	moon_metal_cornerwall_normal moon_metal_cornerwall_normal moon_metal_cornerwall_normal moon_metal_cornerwall_normal moon_metal_cornerwall_normal venera_surface_cave_cornerwall_normal	FillBordersSolid	FillBordersSolid	door_1_vert	door_1_hor	door_lab_vert	door_lab_hor	
mercury3	TRUE	100	65	MercurySurface VenusLab	#bd9c7f	0.7	venera_surface_floor_normal venera_surface_floor_normal venera_surface_floor_normal venera_surface_floor_normal venera_surface_floor_normal gray_metal_deep_draft	lab_floor_normal lab_floor_normal lab_floor_normal lab_floor_normal lab_floor_normal lab_floor_normal	venera_surface_cave_cornerwall_normal venera_surface_cave_cornerwall_normal venera_surface_cave_cornerwall_normal venera_surface_cave_cornerwall_normal venera_surface_cave_cornerwall_normal venera_surface_cave_cornerwall_normal	moon_metal_cornerwall_normal moon_metal_cornerwall_normal moon_metal_cornerwall_normal moon_metal_cornerwall_normal moon_metal_cornerwall_normal venera_surface_cave_cornerwall_normal	FillBordersSolid	FillBordersSolid	door_1_vert	door_1_hor	door_lab_vert	door_lab_hor	
mercury4	TRUE	100	65	MercurySurface VenusLab	#bd9c7f	0.7	venera_surface_floor_normal venera_surface_floor_normal venera_surface_floor_normal venera_surface_floor_normal venera_surface_floor_normal gray_metal_deep_draft	lab_floor_normal lab_floor_normal lab_floor_normal lab_floor_normal lab_floor_normal lab_floor_normal	venera_surface_cave_cornerwall_normal venera_surface_cave_cornerwall_normal venera_surface_cave_cornerwall_normal venera_surface_cave_cornerwall_normal venera_surface_cave_cornerwall_normal venera_surface_cave_cornerwall_normal	moon_metal_cornerwall_normal moon_metal_cornerwall_normal moon_metal_cornerwall_normal moon_metal_cornerwall_normal moon_metal_cornerwall_normal venera_surface_cave_cornerwall_normal	FillBordersSolid	FillBordersSolid	door_1_vert	door_1_hor	door_lab_vert	door_lab_hor	
mercury5	TRUE	100	65	MercurySurface VenusLab	#bd9c7f	0.7	venera_surface_floor_normal venera_surface_floor_normal venera_surface_floor_normal venera_surface_floor_normal venera_surface_floor_normal gray_metal_deep_draft	lab_floor_normal lab_floor_normal lab_floor_normal lab_floor_normal lab_floor_normal lab_floor_normal	venera_surface_cave_cornerwall_normal venera_surface_cave_cornerwall_normal venera_surface_cave_cornerwall_normal venera_surface_cave_cornerwall_normal venera_surface_cave_cornerwall_normal venera_surface_cave_cornerwall_normal	moon_metal_cornerwall_normal moon_metal_cornerwall_normal moon_metal_cornerwall_normal moon_metal_cornerwall_normal moon_metal_cornerwall_normal venera_surface_cave_cornerwall_normal	FillBordersSolid	FillBordersSolid	door_1_vert	door_1_hor	door_lab_vert	door_lab_hor	
orbit1	TRUE	100	65	VenOrbit	#8ba7bd	0.7	gray_metal_floor_normal gray_metal_floor_normal gray_metal_floor_normal gray_metal_floor_normal gray_metal_floor_normal gray_metal_deep_draft	gray_metal_floor_normal gray_metal_floor_normal gray_metal_floor_normal gray_metal_floor_normal gray_metal_floor_normal gray_metal_deep_draft	gray_metal_cornerwall_normal gray_metal_cornerwall_normal gray_metal_cornerwall_normal gray_metal_cornerwall_normal gray_metal_cornerwall_normal gray_metal_cornerwall_normal	gray_metal_cornerwall_normal gray_metal_cornerwall_normal gray_metal_cornerwall_normal gray_metal_cornerwall_normal gray_metal_cornerwall_normal gray_metal_cornerwall_normal	FillBordersStation	FillBordersStation	door_lab_vert	door_lab_hor	door_lab_vert	door_lab_hor	
orbit2	TRUE	100	65	MercuryStation	#bdb67d	0.7	mercury_metal_floor_normal mercury_metal_floor_normal mercury_metal_floor_normal mercury_metal_floor_normal mercury_metal_floor_normal gray_metal_deep_draft	mercury_metal_floor_normal mercury_metal_floor_normal mercury_metal_floor_normal mercury_metal_floor_normal mercury_metal_floor_normal gray_metal_deep_draft	gray_metal_cornerwall_normal gray_metal_cornerwall_normal gray_metal_cornerwall_normal gray_metal_cornerwall_normal gray_metal_cornerwall_normal moon_rock_cornerwall_normal	gray_metal_cornerwall_normal gray_metal_cornerwall_normal gray_metal_cornerwall_normal gray_metal_cornerwall_normal gray_metal_cornerwall_normal moon_rock_cornerwall_normal	FillBordersAsteroid	FillBordersSolid	magnumDoor_vert	magnumDoor_hor	magnumDoor_vert	magnumDoor_hor	
orbit3	TRUE	100	65	VenOrbit	#bdb67d	0.7	mercury_metal_floor_normal mercury_metal_floor_normal mercury_metal_floor_normal mercury_metal_floor_normal mercury_metal_floor_normal gray_metal_deep_draft	mercury_metal_floor_normal mercury_metal_floor_normal mercury_metal_floor_normal mercury_metal_floor_normal mercury_metal_floor_normal gray_metal_deep_draft	gray_metal_cornerwall_normal gray_metal_cornerwall_normal gray_metal_cornerwall_normal gray_metal_cornerwall_normal gray_metal_cornerwall_normal moon_rock_cornerwall_normal	gray_metal_cornerwall_normal gray_metal_cornerwall_normal gray_metal_cornerwall_normal gray_metal_cornerwall_normal gray_metal_cornerwall_normal moon_rock_cornerwall_normal	FillBordersAsteroid	FillBordersSolid	door_lab_vert	door_lab_hor	door_lab_vert	door_lab_hor	
prison1	TRUE	100	65	Prison	#bd9f5d	0.7	mech_metal_floor_normal mech_metal_floor_normal mech_metal_floor_normal mech_metal_floor_normal mech_metal_floor_normal gray_metal_deep_draft	mech_metal_floor_normal mech_metal_floor_normal mech_metal_floor_normal mech_metal_floor_normal mech_metal_floor_normal gray_metal_deep_draft	gray_metal_cornerwall_normal gray_metal_cornerwall_normal gray_metal_cornerwall_normal gray_metal_cornerwall_normal gray_metal_cornerwall_normal moon_rock_cornerwall_normal	gray_metal_cornerwall_normal gray_metal_cornerwall_normal gray_metal_cornerwall_normal gray_metal_cornerwall_normal gray_metal_cornerwall_normal moon_rock_cornerwall_normal	FillBordersSpace	FillBordersSolid	magnumDoor_vert	magnumDoor_hor	magnumDoor_vert	magnumDoor_hor	
military1	TRUE	100	65	Prison	#bd9f5d	0.7	mech_metal_floor_normal mech_metal_floor_normal mech_metal_floor_normal mech_metal_floor_normal mech_metal_floor_normal gray_metal_deep_draft	mech_metal_floor_normal mech_metal_floor_normal mech_metal_floor_normal mech_metal_floor_normal mech_metal_floor_normal gray_metal_deep_draft	gray_metal_cornerwall_normal gray_metal_cornerwall_normal gray_metal_cornerwall_normal gray_metal_cornerwall_normal gray_metal_cornerwall_normal gray_metal_cornerwall_normal	gray_metal_cornerwall_normal gray_metal_cornerwall_normal gray_metal_cornerwall_normal gray_metal_cornerwall_normal gray_metal_cornerwall_normal gray_metal_cornerwall_normal	FillBordersStation	FillBordersStation	magnumDoor_vert	magnumDoor_hor	magnumDoor_vert	magnumDoor_hor	
lab1	TRUE	100	65	VenusLab	#5dbdb1	0.7	lab_floor_normal lab_floor_normal lab_floor_normal lab_floor_normal lab_floor_normal gray_metal_deep_draft	lab_floor_normal lab_floor_normal lab_floor_normal lab_floor_normal lab_floor_normal gray_metal_deep_draft	moon_metal_cornerwall_normal moon_metal_cornerwall_normal moon_metal_cornerwall_normal moon_metal_cornerwall_normal moon_metal_cornerwall_normal moon_rock_cornerwall_normal	moon_metal_cornerwall_normal moon_metal_cornerwall_normal moon_metal_cornerwall_normal moon_metal_cornerwall_normal moon_metal_cornerwall_normal venera_surface_cave_cornerwall_normal	FillBordersSpace	FillBordersSolid	door_lab_vert	door_lab_hor	door_lab_vert	door_lab_hor	
station1	TRUE	100	65	MercuryStation	#bdb67d	0.7	mercury_metal_floor_normal mercury_metal_floor_normal mercury_metal_floor_normal mercury_metal_floor_normal mercury_metal_floor_normal gray_metal_deep_draft	mercury_metal_floor_normal mercury_metal_floor_normal mercury_metal_floor_normal mercury_metal_floor_normal mercury_metal_floor_normal gray_metal_deep_draft	gray_metal_cornerwall_normal gray_metal_cornerwall_normal gray_metal_cornerwall_normal gray_metal_cornerwall_normal gray_metal_cornerwall_normal gray_metal_cornerwall_normal	gray_metal_cornerwall_normal gray_metal_cornerwall_normal gray_metal_cornerwall_normal gray_metal_cornerwall_normal gray_metal_cornerwall_normal gray_metal_cornerwall_normal	FillBordersStation	FillBordersStation	magnumDoor_vert	magnumDoor_hor	magnumDoor_vert	magnumDoor_hor	
station2	TRUE	100	65	MercuryStation	#bdb67d	0.7	mercury_metal_floor_normal mercury_metal_floor_normal mercury_metal_floor_normal mercury_metal_floor_normal mercury_metal_floor_normal gray_metal_deep_draft	mercury_metal_floor_normal mercury_metal_floor_normal mercury_metal_floor_normal mercury_metal_floor_normal mercury_metal_floor_normal gray_metal_deep_draft	gray_metal_cornerwall_normal gray_metal_cornerwall_normal gray_metal_cornerwall_normal gray_metal_cornerwall_normal gray_metal_cornerwall_normal moon_rock_cornerwall_normal	gray_metal_cornerwall_normal gray_metal_cornerwall_normal gray_metal_cornerwall_normal gray_metal_cornerwall_normal gray_metal_cornerwall_normal moon_rock_cornerwall_normal	FillBordersAsteroid	FillBordersSolid	magnumDoor_vert	magnumDoor_hor	magnumDoor_vert	magnumDoor_hor	
mars1	TRUE	100	65	MarsSurface MercuryStation	#e6c8c8	0.7	mars_floor_normal mars_floor_normal mars_floor_normal mars_floor_normal mars_floor_normal gray_metal_deep_draft	mercury_metal_floor_normal mercury_metal_floor_normal mercury_metal_floor_normal mercury_metal_floor_normal mercury_metal_floor_normal mercury_metal_floor_normal	mars_cornerwall_normal mars_cornerwall_normal mars_cornerwall_normal mars_cornerwall_normal mars_cornerwall_normal mars_cornerwall_normal	gray_metal_cornerwall_normal gray_metal_cornerwall_normal gray_metal_cornerwall_normal gray_metal_cornerwall_normal gray_metal_cornerwall_normal moon_rock_cornerwall_normal	FillBordersSolid	FillBordersSolid	door_1_vert	door_1_hor	magnumDoor_vert	magnumDoor_hor	
mars2	TRUE	100	65	MarsSurface VenusLab	#e6c8c8	0.7	mars_floor_normal mars_floor_normal mars_floor_normal mars_floor_normal mars_floor_normal gray_metal_deep_draft	lab_floor_normal lab_floor_normal lab_floor_normal lab_floor_normal lab_floor_normal lab_floor_normal	mars_cornerwall_normal mars_cornerwall_normal mars_cornerwall_normal mars_cornerwall_normal mars_cornerwall_normal mars_cornerwall_normal	moon_metal_cornerwall_normal moon_metal_cornerwall_normal moon_metal_cornerwall_normal moon_metal_cornerwall_normal moon_metal_cornerwall_normal venera_surface_cave_cornerwall_normal	FillBordersSolid	FillBordersSolid	door_1_vert	door_1_hor	door_lab_vert	door_lab_hor	
mars3	TRUE	100	65	MarsSurface VenusLab	#e6c8c8	0.7	mars_floor_normal mars_floor_normal mars_floor_normal mars_floor_normal mars_floor_normal gray_metal_deep_draft	lab_floor_normal lab_floor_normal lab_floor_normal lab_floor_normal lab_floor_normal lab_floor_normal	mars_cornerwall_normal mars_cornerwall_normal mars_cornerwall_normal mars_cornerwall_normal mars_cornerwall_normal mars_cornerwall_normal	moon_metal_cornerwall_normal moon_metal_cornerwall_normal moon_metal_cornerwall_normal moon_metal_cornerwall_normal moon_metal_cornerwall_normal venera_surface_cave_cornerwall_normal	FillBordersSolid	FillBordersSolid	door_1_vert	door_1_hor	door_lab_vert	door_lab_hor	
mars4	TRUE	100	65	MarsSurface MercuryStation	#e6c8c8	0.7	mars_floor_normal mars_floor_normal mars_floor_normal mars_floor_normal mars_floor_normal gray_metal_deep_draft	mercury_metal_floor_normal mercury_metal_floor_normal mercury_metal_floor_normal mercury_metal_floor_normal mercury_metal_floor_normal mercury_metal_floor_normal	mars_cornerwall_normal mars_cornerwall_normal mars_cornerwall_normal mars_cornerwall_normal mars_cornerwall_normal mars_cornerwall_normal	moon_metal_cornerwall_normal moon_metal_cornerwall_normal moon_metal_cornerwall_normal moon_metal_cornerwall_normal moon_metal_cornerwall_normal venera_surface_cave_cornerwall_normal	FillBordersSolid	FillBordersSolid	door_1_vert	door_1_hor	magnumDoor_vert	magnumDoor_hor	
mars5	TRUE	100	65	MarsSurface MercuryStation	#e6c8c8	0.7	mars_floor_normal mars_floor_normal mars_floor_normal mars_floor_normal mars_floor_normal gray_metal_deep_draft	mercury_metal_floor_normal mercury_metal_floor_normal mercury_metal_floor_normal mercury_metal_floor_normal mercury_metal_floor_normal mercury_metal_floor_normal	mars_cornerwall_normal mars_cornerwall_normal mars_cornerwall_normal mars_cornerwall_normal mars_cornerwall_normal mars_cornerwall_normal	moon_metal_cornerwall_normal moon_metal_cornerwall_normal moon_metal_cornerwall_normal moon_metal_cornerwall_normal moon_metal_cornerwall_normal venera_surface_cave_cornerwall_normal	FillBordersSolid	FillBordersSolid	door_1_vert	door_1_hor	magnumDoor_vert	magnumDoor_hor	
moon1	TRUE	100	65	MoonSurface MercuryStation	#8ba7bd	0.7	moon_surface_normal moon_surface_normal moon_surface_normal moon_surface_normal moon_surface_normal gray_metal_deep_draft	mercury_metal_floor_normal mercury_metal_floor_normal mercury_metal_floor_normal mercury_metal_floor_normal mercury_metal_floor_normal mercury_metal_floor_normal	moon_rock_cornerwall_normal moon_rock_cornerwall_normal moon_rock_cornerwall_normal moon_rock_cornerwall_normal moon_rock_cornerwall_normal moon_rock_cornerwall_normal	gray_metal_cornerwall_normal gray_metal_cornerwall_normal gray_metal_cornerwall_normal gray_metal_cornerwall_normal gray_metal_cornerwall_normal moon_rock_cornerwall_normal	FillBordersSolid	FillBordersSolid	door_lab_vert	door_lab_hor	magnumDoor_vert	magnumDoor_hor	
moon2	TRUE	100	65	MoonSurface VenusLab	#8ba7bd	0.7	moon_surface_normal moon_surface_normal moon_surface_normal moon_surface_normal moon_surface_normal gray_metal_deep_draft	lab_floor_normal lab_floor_normal lab_floor_normal lab_floor_normal lab_floor_normal lab_floor_normal	moon_rock_cornerwall_normal moon_rock_cornerwall_normal moon_rock_cornerwall_normal moon_rock_cornerwall_normal moon_rock_cornerwall_normal moon_rock_cornerwall_normal	moon_metal_cornerwall_normal moon_metal_cornerwall_normal moon_metal_cornerwall_normal moon_metal_cornerwall_normal moon_metal_cornerwall_normal venera_surface_cave_cornerwall_normal	FillBordersSolid	FillBordersSolid	door_lab_vert	door_lab_hor	door_lab_vert	door_lab_hor	
moon3	TRUE	100	65	MoonSurface MercuryStation	#8ba7bd	0.7	moon_surface_normal moon_surface_normal moon_surface_normal moon_surface_normal moon_surface_normal gray_metal_deep_draft	mercury_metal_floor_normal mercury_metal_floor_normal mercury_metal_floor_normal mercury_metal_floor_normal mercury_metal_floor_normal mercury_metal_floor_normal	moon_rock_cornerwall_normal moon_rock_cornerwall_normal moon_rock_cornerwall_normal moon_rock_cornerwall_normal moon_rock_cornerwall_normal moon_rock_cornerwall_normal	gray_metal_cornerwall_normal gray_metal_cornerwall_normal gray_metal_cornerwall_normal gray_metal_cornerwall_normal gray_metal_cornerwall_normal moon_rock_cornerwall_normal	FillBordersSolid	FillBordersSolid	door_lab_vert	door_lab_hor	magnumDoor_vert	magnumDoor_hor	
moon4	TRUE	100	65	MoonSurface MercuryStation	#8ba7bd	0.7	moon_surface_normal moon_surface_normal moon_surface_normal moon_surface_normal moon_surface_normal gray_metal_deep_draft	mercury_metal_floor_normal mercury_metal_floor_normal mercury_metal_floor_normal mercury_metal_floor_normal mercury_metal_floor_normal mercury_metal_floor_normal	moon_rock_cornerwall_normal moon_rock_cornerwall_normal moon_rock_cornerwall_normal moon_rock_cornerwall_normal moon_rock_cornerwall_normal moon_rock_cornerwall_normal	gray_metal_cornerwall_normal gray_metal_cornerwall_normal gray_metal_cornerwall_normal gray_metal_cornerwall_normal gray_metal_cornerwall_normal moon_rock_cornerwall_normal	FillBordersSolid	FillBordersSolid	door_lab_vert	door_lab_hor	magnumDoor_vert	magnumDoor_hor	
cerera1	TRUE	100	65	CereraSurface CereraStation	#8ba7bd	0.7	cerera_nature_floor cerera_nature_floor cerera_nature_floor cerera_nature_floor cerera_nature_floor gray_metal_deep_draft	cerera_concrete_normal_floor cerera_concrete_normal_floor cerera_concrete_normal_floor cerera_concrete_normal_floor cerera_concrete_normal_floor cerera_concrete_normal_floor	cerera_nature_cornerwall cerera_nature_cornerwall cerera_nature_cornerwall cerera_nature_cornerwall cerera_nature_cornerwall cerera_nature_cornerwall	cerera_metal_cornerwall cerera_metal_cornerwall cerera_metal_cornerwall cerera_metal_cornerwall cerera_metal_cornerwall cerera_metal_cornerwall	FillBordersSolid	FillBordersSolid	ceres_door_vert	ceres_door_hor	ceres_door_vert	ceres_door_hor	
cerera2	TRUE	100	65	CereraSurface VenusLab	#8ba7bd	0.7	cerera_nature_floor cerera_nature_floor cerera_nature_floor cerera_nature_floor cerera_nature_floor gray_metal_deep_draft	lab_floor_normal lab_floor_normal lab_floor_normal lab_floor_normal lab_floor_normal lab_floor_normal	cerera_nature_cornerwall cerera_nature_cornerwall cerera_nature_cornerwall cerera_nature_cornerwall cerera_nature_cornerwall cerera_nature_cornerwall	moon_metal_cornerwall_normal moon_metal_cornerwall_normal moon_metal_cornerwall_normal moon_metal_cornerwall_normal moon_metal_cornerwall_normal venera_surface_cave_cornerwall_normal	FillBordersSolid	FillBordersSolid	ceres_door_vert	ceres_door_hor	door_lab_vert	door_lab_hor	
industrial1	TRUE	100	65	IndustrialSpace IndustrialStation	#b68080	0.7	indus_floor_normal indus_floor_normal indus_floor_normal indus_floor_normal indus_floor_normal indus_deep_space	indus_floor_normal indus_floor_normal indus_floor_normal indus_floor_normal indus_floor_normal indus_deep_space	indus_cornerwall_normal indus_cornerwall_normal indus_cornerwall_normal indus_cornerwall_normal indus_cornerwall_normal indus_cornerwall_normal	indus_cornerwall_normal indus_cornerwall_normal indus_cornerwall_normal indus_cornerwall_normal indus_cornerwall_normal indus_cornerwall_normal	FillBordersAsteroid	FillBordersAsteroid	indus_door_vert	indus_door	indus_door_vert	indus_door	
industrial2	TRUE	100	65	IndustrialStation	#b68080	0.7	indus_floor_normal indus_floor_normal indus_floor_normal indus_floor_normal indus_floor_normal indus_deep	indus_floor_normal indus_floor_normal indus_floor_normal indus_floor_normal indus_floor_normal indus_deep	indus_cornerwall_normal indus_cornerwall_normal indus_cornerwall_normal indus_cornerwall_normal indus_cornerwall_normal indus_cornerwall_normal	indus_cornerwall_normal indus_cornerwall_normal indus_cornerwall_normal indus_cornerwall_normal indus_cornerwall_normal indus_cornerwall_normal	FillBordersSolid	FillBordersSolid	indus_door_vert	indus_door	indus_door_vert	indus_door	
jupiter1	TRUE	130	110	JupiterTechSpace	#b69b80	0.7	jupiter_station_normal jupiter_station_normal jupiter_station_normal jupiter_station_normal jupiter_station_normal jupiter_deep_space	jupiter_station_normal jupiter_station_normal jupiter_station_normal jupiter_station_normal jupiter_station_normal jupiter_deep_space	jupiter_station_cornerwall_normal jupiter_station_cornerwall_normal jupiter_station_cornerwall_normal jupiter_station_cornerwall_normal jupiter_station_cornerwall_normal jupiter_station_cornerwall_normal	jupiter_station_cornerwall_normal jupiter_station_cornerwall_normal jupiter_station_cornerwall_normal jupiter_station_cornerwall_normal jupiter_station_cornerwall_normal jupiter_station_cornerwall_normal	FillBordersSpace	FillBordersSpace	jupiter_vert_door	jupiter_hor_door	jupiter_vert_door	jupiter_hor_door	
jupiter2	TRUE	130	110	JupiterTechSpace JupiterTechStation	#b69b80	0.7	jupiter_station_normal jupiter_station_normal jupiter_station_normal jupiter_station_normal jupiter_station_normal jupiter_deep_space	jupiter_station_normal jupiter_station_normal jupiter_station_normal jupiter_station_normal jupiter_station_normal jupiter_station_normal	jupiter_station_cornerwall_normal jupiter_station_cornerwall_normal jupiter_station_cornerwall_normal jupiter_station_cornerwall_normal jupiter_station_cornerwall_normal jupiter_station_cornerwall_normal	jupiter_station_cornerwall_normal jupiter_station_cornerwall_normal jupiter_station_cornerwall_normal jupiter_station_cornerwall_normal jupiter_station_cornerwall_normal jupiter_station_cornerwall_normal	FillBordersSpace	FillBordersSolid	jupiter_vert_door	jupiter_hor_door	jupiter_vert_door	jupiter_hor_door	
jupiter3	TRUE	130	110	JupiterTechSpace VenusLab	#b69b80	0.7	jupiter_station_normal jupiter_station_normal jupiter_station_normal jupiter_station_normal jupiter_station_normal jupiter_deep_space	lab_floor_normal lab_floor_normal lab_floor_normal lab_floor_normal lab_floor_normal lab_floor_normal	jupiter_station_cornerwall_normal jupiter_station_cornerwall_normal jupiter_station_cornerwall_normal jupiter_station_cornerwall_normal jupiter_station_cornerwall_normal jupiter_station_cornerwall_normal	moon_metal_cornerwall_normal moon_metal_cornerwall_normal moon_metal_cornerwall_normal moon_metal_cornerwall_normal moon_metal_cornerwall_normal jupiter_station_cornerwall_normal	FillBordersSpace	FillBordersSolid	jupiter_vert_door	jupiter_hor_door	door_lab_vert	door_lab_hor	
io1	TRUE	130	110	MercurySurface MercuryStation	#b68080	0.7	venera_surface_floor_normal venera_surface_floor_normal venera_surface_floor_normal venera_surface_floor_normal venera_surface_floor_normal gray_metal_deep_draft	mercury_metal_floor_normal mercury_metal_floor_normal mercury_metal_floor_normal mercury_metal_floor_normal mercury_metal_floor_normal mercury_metal_floor_normal	indus_cornerwall_normal indus_cornerwall_normal indus_cornerwall_normal indus_cornerwall_normal indus_cornerwall_normal indus_cornerwall_normal	indus_cornerwall_normal indus_cornerwall_normal indus_cornerwall_normal indus_cornerwall_normal indus_cornerwall_normal venera_surface_cave_cornerwall_normal	FillBordersSolid	FillBordersSolid	door_1_vert	door_1_hor	magnumDoor_vert	magnumDoor_hor	
europa1	TRUE	130	110	EuropaSurface JupiterTechStation	#d4edf2	0.7	europe_ground_normal europe_ground_normal europe_ground_normal europe_ground_normal europe_ground_normal europe_deep	jupiter_station_normal jupiter_station_normal jupiter_station_normal jupiter_station_normal jupiter_station_normal jupiter_deep_space	europe_surface_normal europe_surface_normal europe_surface_normal europe_surface_normal europe_surface_normal europe_surface_normal	jupiter_station_cornerwall_normal jupiter_station_cornerwall_normal jupiter_station_cornerwall_normal jupiter_station_cornerwall_normal jupiter_station_cornerwall_normal jupiter_station_cornerwall_normal	FillBordersSolid	FillBordersSolid	door_lab_vert	door_lab_hor	jupiter_vert_door	jupiter_hor_door	
europa2	TRUE	130	110	EuropaSurface VenusLab	#d4edf2	0.7	europe_ground_normal europe_ground_normal europe_ground_normal europe_ground_normal europe_ground_normal europe_deep	lab_floor_normal lab_floor_normal lab_floor_normal lab_floor_normal lab_floor_normal lab_floor_normal	europe_surface_normal europe_surface_normal europe_surface_normal europe_surface_normal europe_surface_normal europe_surface_normal	moon_metal_cornerwall_normal moon_metal_cornerwall_normal moon_metal_cornerwall_normal moon_metal_cornerwall_normal moon_metal_cornerwall_normal europe_surface_normal	FillBordersSolid	FillBordersSolid	door_lab_vert	door_lab_hor	door_lab_vert	door_lab_hor	
ganymede1	TRUE	130	110	MoonSurface JupiterTechStation	#b68080	0.7	moon_surface_normal moon_surface_normal moon_surface_normal moon_surface_normal moon_surface_normal gray_metal_deep_draft	jupiter_station_normal jupiter_station_normal jupiter_station_normal jupiter_station_normal jupiter_station_normal jupiter_deep_space	moon_rock_cornerwall_normal moon_rock_cornerwall_normal moon_rock_cornerwall_normal moon_rock_cornerwall_normal moon_rock_cornerwall_normal moon_rock_cornerwall_normal	jupiter_station_cornerwall_normal jupiter_station_cornerwall_normal jupiter_station_cornerwall_normal jupiter_station_cornerwall_normal jupiter_station_cornerwall_normal moon_rock_cornerwall_normal	FillBordersSolid	FillBordersSolid	door_lab_vert	door_lab_hor	jupiter_vert_door	jupiter_hor_door	
callisto1	TRUE	130	110	CallistoSurface JupiterTechStation	#b68080	0.7	callisto_surface_floor_normal callisto_surface_floor_normal callisto_surface_floor_normal callisto_surface_floor_normal callisto_surface_floor_normal callisto_surface_floor_normal	jupiter_station_normal jupiter_station_normal jupiter_station_normal jupiter_station_normal jupiter_station_normal jupiter_deep_space	callisto_nature_cornerwall callisto_nature_cornerwall callisto_nature_cornerwall callisto_nature_cornerwall callisto_nature_cornerwall callisto_nature_cornerwall	jupiter_station_cornerwall_normal jupiter_station_cornerwall_normal jupiter_station_cornerwall_normal jupiter_station_cornerwall_normal jupiter_station_cornerwall_normal moon_rock_cornerwall_normal	FillBordersSolid	FillBordersSolid	door_1_vert	door_1_hor	jupiter_vert_door	jupiter_hor_door	
#end																	
																	
#storymissions																	
Id	StationId	BeneficiaryFactionId	VictimFactionId	PrizeItems	WinCondition	WinConditionParameters	MinTechLevel	UseBiomeDropLists	ItemsPointsByStages	MonsterPointsByStages	FactionIdsByStages	ItemsRequirement	OverrideBramfaturaId				
Tutorial	Orphan	Magnum	CResistance		KillAllPercent	1	1	FALSE									
SecondTutorial	RogueCity	Magnum	CResistance	quest_AncomData small_basic_ammo medical_kit_1 rags rags small_backpack_1 frag_grenade frag_grenade armor_plates armor_plates weapon_parts weapon_parts	KillObstacle	serverStation 1	3	FALSE	stage1 300 stage2 300 stage3 300	stage1 300 stage2 300 stage3 300							
SinkholePeaceVisit	SinkholeOasis	XiomaraMasks	RealWare		Custom		5	TRUE	stage1 300	stage1 300							
UseYourHead	FlatObsidian	Magnum	CResistance	phase_bomb	Custom		5	TRUE	stage1 500 stage2 500 stage3 600 stage4 600	stage1 400 stage2 400 stage3 400 stage4 500							
RuinsOfAncientBramfaturas	SinkholeOasis	XiomaraMasks	RealWare	venus_spear_hmg_1	ItemInInventoryById	venus_spear_hmg_1 1	5	TRUE	stage1 200 stage2 800 stage3 1000 stage4 0	stage1 400 stage2 400 stage3 600 stage4 0		phase_bomb					
CommunityAndAnarchy	Oddibjord	AnCom	Unknown		ItemInInventoryById	quest_goldenSkull 1	6	FALSE	stage1 800 stage2 800 stage3 800 stage4 1000 stage5 1000	stage1 600 stage2 800 stage3 800 stage4 400 stage5 1200	stage1 RealWare stage2 RealWare stage3 RealWare stage4 Tezctlan stage5 RealWare						
Manifesto	HeritageStation	CResistance	SBN	civ_marksman_1 rifle_basic_ammo servo_backpack_1 civ_medium_armor_2 civ_medium_helmet_2 firearm_repair_kit automap thermal_grenade tool_container engineering_parts_container welding_machine_device	Custom	1	6	FALSE	stage1 300 stage2 300 stage3 300	stage1 300 stage2 400 stage3 500							
PoisonTrial	FeatheredTemple	Magnum	Tezctlan	skull_blood_revival	Custom	1	6	FALSE	stage1 100	stage1 100							
CovertOps	HumankindsHope	RealWare	AnCom	military_heavy_helmet_1 rwa_heavy_helmet_1 big_backpack_1 medical_kit_2 medical_kit_2 medical_kit_2 medium_basic_ammo medium_basic_ammo	Custom	1	6	TRUE	stage1 500 stage2 500 stage3 600 stage4 600	stage1 400 stage2 400 stage3 400 stage4 500		quest_emiBurner					
GhoulShip	HISWoodpecker	UnchainedBelt	CoreWard	pirates_assault_1 trash_armored_vest_1 rifle_basic_ammo rifle_basic_ammo alcogol_container alcogol_container	Custom	1	6	TRUE	stage1 500 stage2 500 stage3 600 stage4 600 stage5 600	stage1 400 stage2 400 stage3 400 stage4 500 stage5 600							
MenInBlack	Jamame	AnCom	CResistance	anc_quasi_assault_1 anc_medium_armor_2 anc_medium_mask_1 anc_medium_pants_2 anc_medium_boots_2 quasi_basic_ammo quasi_basic_ammo quasi_basic_ammo	Custom		6	FALSE	stage1 600 stage2 800 stage3 800	stage1 550 stage2 650 stage3 800			Earth				
FromSparkToFlame	HISUnveiled	CResistance	AnCom	civ_plasma_assault_1 battery_basic_ammo battery_basic_ammo battery_basic_ammo civ_medium_armor_2 civ_medium_helmet_2 civ_medium_pants_2 civ_medium_boots_2 cyborg_drill	Custom		6	FALSE	stage1 180 stage2 600 stage3 600 stage4 800	stage1 300 stage2 400 stage3 400 stage4 500		quest_redChip					
IronBroom	Hargeysa	CResistance	UnchainedBelt	civ_heavy_helmet_1 civ_heavy_armor_1 civ_heavy_pants_1 civ_heavy_boots_1 civ_plasma_assault_1 civ_plasma_assault_1 nanorobot_grenade nanorobot_grenade battery_basic_ammo battery_basic_ammo battery_basic_ammo battery_basic_ammo	Custom		8	FALSE	stage1 180 stage2 600 stage3 600	stage1 500 stage2 600 stage3 500							
IcePick	RedThrone	CivilUnity	GodBuilders		Custom		10	FALSE	stage1 500 stage2 600 stage3 800 stage4 800	stage1 500 stage2 500 stage3 600 stage4 600							
Beacon	Sundog	GodBuilders	CivilUnity	civ_heavy_helmet_1 civ_heavy_armor_1 civ_heavy_pants_1 civ_heavy_boots_1 plasma_hmg_1 tech_hfg_1 nanorobot_grenade nanorobot_grenade battery_basic_ammo battery_basic_ammo battery_basic_ammo battery_basic_ammo battery_basic_ammo battery_basic_ammo battery_basic_ammo	Custom		9	FALSE	stage1 500 stage2 600 stage3 800 stage4 0	stage1 500 stage2 800 stage3 0 stage4 0			Earth				
SacredFlame	IntercityTradeCenter	GodBuilders	CivilUnity		Custom		10	FALSE	stage1 300 stage2 400 stage3 400	stage1 500 stage2 700 stage3 0							
#end																	
																	
#tilesettransformation																	
Id	Health	Armor	TilesetToMutateName														
gray_metal_cornerwall_normal	100	10	gray_metal_cornerwall_destroyed														
gray_metal_cornerwall_destroyed	50	10	gray_metal_floor_destroyed														
gray_metal_floor_normal	100	10	gray_metal_floor_damaged														
gray_metal_floor_damaged	50	10	gray_metal_floor_destroyed														
gray_metal_wall_normal	100	10	gray_metal_wall_damaged														
gray_metal_wall_damaged	50	10	gray_metal_wall_destroyed														
gray_metal_wall_destroyed	50	10	gray_metal_floor_destroyed														
gray_metal_elevator_floor_normal	100	10	gray_metal_elevator_floor_damaged														
moon_metal_cornerwall_normal	100	10	moon_metal_cornerwall_destroyed														
moon_metal_cornerwall_destroyed	50	10	moon_metal_floor_destroyed														
moon_metal_floor_normal	100	10	moon_metal_floor_damaged														
moon_metal_floor_damaged	50	10	moon_metal_floor_destroyed														
moon_metal_wall_normal	100	10	moon_metal_wall_damaged														
moon_metal_wall_damaged	50	10	moon_metal_wall_destroyed														
moon_metal_wall_destroyed	50	10	moon_metal_floor_destroyed														
moon_rock_cornerwall_normal	300	10	moon_surface_normal														
moon_rock_wall_normal	300	10	moon_surface_normal														
green_metal_wall_normal	100	10	gray_metal_floor_destroyed														
orange_metal_wall_normal	100	10	gray_metal_floor_destroyed														
conveyer_metal_floor_normal	100	10	gray_metal_floor_destroyed														
mech_metal_floor_normal	100	10	mech_metal_floor_damaged														
mech_metal_floor_damaged	50	10	gray_metal_floor_destroyed														
mech_metal_wall_normal	100	10	mech_metal_wall_damaged														
mech_metal_wall_damaged	50	10	gray_metal_floor_destroyed														
mercury_metal_floor_normal	100	10	mercury_metal_floor_damaged														
mercury_metal_floor_damaged	50	10	gray_metal_floor_destroyed														
shipmagnum_cornerwall_normal	100	10	shipmagnum_cornerwall_destroyed														
shipmagnum_cornerwall_destroyed	50	10	magnum_floor_destroyed														
magnum_floor_normal	100	10	magnum_floor_damaged														
magnum_floor_damaged	50	10	magnum_floor_destroyed														
magnum_wall_normal	100	10	magnum_wall_damaged														
magnum_wall_damaged	50	10	magnum_wall_destroyed														
magnum_wall_destroyed	50	10	magnum_floor_destroyed														
lab_floor_normal	100	10	lab_floor_damaged														
lab_floor_damaged	50	10	lab_floor_totaldestroyed														
lab_floor_destroyed	50	10	lab_floor_totaldestroyed														
venus_jungle_cornerwall	300	10	venus_jungle_surface														
venera_surface_cave_cornerwall_normal	300	10	venera_surface_floor_destroyed														
mars_temple_cornerwall	300	10	mars_floor_damaged														
mars_cornerwall_normal	300	10	mars_floor_damaged														
mars_facewall_normal	300	10	mars_floor_damaged														
mars_floor_normal	100	10	mars_floor_damaged														
mars_temple_floor_normal	100	10	mars_floor_damaged														
venera_surface_floor_normal	100	10	venera_surface_floor_destroyed														
temple_normal_floor	100	10	temple_floor_destroyed														
temple_cornerwall	300	200	temple_floor_destroyed														
temple_facewall_normal	300	200	temple_floor_destroyed														
cerera_metal_cornerwall	150	15	cerera_concrete_destroyed_floor														
cerera_metal_facewall	150	15	cerera_concrete_destroyed_floor														
cerera_concrete_normal_floor	100	10	cerera_concrete_damaged_floor														
cerera_concrete_damaged_floor	50	10	cerera_concrete_destroyed_floor														
indus_cornerwall_normal	150	15	indus_floor_destroyed														
indus_floor_normal	100	10	indus_floor_damaged														
indus_floor_damaged	50	10	indus_floor_destroyed														
indus_facewall_normal	50	15	indus_facewall_damaged														
indus_facewall_damaged	100	15	indus_floor_damaged														
jupiter_station_cornerwall_normal	150	15	jupiter_station_destroyed														
jupiter_station_normal	100	10	jupiter_station_damaged														
jupiter_station_damaged	50	10	jupiter_station_destroyed														
jupiter_station_facewall_normal	50	15	jupiter_station_facewall_damaged														
jupiter_station_facewall_damaged	100	15	jupiter_station_damaged														
europe_surface_normal	300	10	europe_ground_normal														
europe_snow_normal	50	10	europe_ground_normal														
europe_facewall_rock_normal	300	10	europe_ground_normal														
callisto_surface_floor_normal	50	10	venus_jungle_surface_destroyed														
callisto_nature_cornerwall	200	10	callisto_surface_floor_normal														
callisto_nature_facewall	200	10	callisto_surface_floor_normal														
military_cornerwall_normal	150	15	military_cornerwall_destroyed														
military_cornerwall_destroyed	100	10	military_floor_destroyed														
military_wall_normal	150	15	military_wall_damaged														
military_wall_damaged	100	10	military_wall_destroyed														
military_wall_destroyed	50	10	military_floor_destroyed														
military_floor_normal	100	10	military_floor_damaged														
military_floor_damaged	50	10	military_floor_destroyed														
#end																	
																	
#missionobjectives																	
	BeneficiaryFactionType	VictimFactionType	ValidProcMissionTypes	MonsterVariants	ItemVariants	ObstacleVariants											
	Corp	Corp	RaiderCapture Elimination Sabotage Espionage	quest_manager quest_professor	quest_fresco_data quest_device	spaceScaner cargoBlock											
	Corp	CivilRes	RaiderCapture Elimination Sabotage Espionage	quest_cresist_elite	quest_fresco_data	cargoBlock											
	Corp	Pirates	RaiderCapture Elimination Sabotage Espionage	quest_pirates_elite	quest_fresco_data	cargoBlock											
	Corp	Tezctlan	RaiderCapture Elimination Sabotage Espionage	quest_venus_demon_warrior	quest_igvalit	relicvarium											
	Corp	Xiomara	RaiderCapture Elimination Sabotage Espionage	quest_venus_demon_warrior	quest_igvalit	relicvarium											
	Corp	Shedu	RaiderCapture Elimination Sabotage Espionage	quest_venus_demon_warrior	quest_igvalit	relicvarium											
	Tezctlan	Corp	RaiderCapture Elimination Sabotage Ritual	quest_mercury_force	quest_igvalit	spaceScaner											
	Tezctlan	CivilRes	RaiderCapture Elimination Sabotage Ritual	quest_cresist_elite	quest_fresco_data	serverStation											
	Tezctlan	Pirates	RaiderCapture Elimination Sabotage Ritual	quest_pirates_elite	quest_fresco_data	serverStation											
	Tezctlan	Xiomara	RaiderCapture Elimination Sabotage Espionage	quest_venus_demon_warrior	quest_igvalit	relicvarium											
	Tezctlan	Shedu	RaiderCapture Elimination Sabotage Espionage	quest_venus_demon_warrior	quest_igvalit	relicvarium											
	CivilRes	CivilRes	RaiderCapture Elimination Sabotage Espionage	quest_cresist_elite	quest_fresco_data	cargoBlock											
	CivilRes	Corp	RaiderCapture Elimination Sabotage Espionage Robbery	quest_manager	quest_device	spaceScaner											
	CivilRes	Pirates	RaiderCapture Elimination Sabotage Espionage Robbery	quest_pirates_elite	quest_fresco_data	cargoBlock											
	CivilRes	Tezctlan	RaiderCapture Elimination Espionage Robbery	quest_venus_demon_warrior	quest_igvalit	relicvarium											
	CivilRes	Xiomara	RaiderCapture Elimination Espionage Robbery	quest_venus_demon_warrior	quest_igvalit	relicvarium											
	CivilRes	Shedu	RaiderCapture Elimination Espionage Robbery	quest_venus_demon_warrior	quest_igvalit	relicvarium											
	Xiomara	Corp	RaiderCapture Elimination Sabotage Ritual	quest_mercury_force	quest_igvalit	spaceScaner											
	Xiomara	CivilRes	RaiderCapture Elimination Sabotage Ritual	quest_cresist_elite	quest_fresco_data	serverStation											
	Xiomara	Pirates	RaiderCapture Elimination Sabotage Ritual	quest_pirates_elite	quest_fresco_data	serverStation											
	Xiomara	Tezctlan	RaiderCapture Elimination Sabotage Espionage	quest_venus_demon_warrior	quest_igvalit	relicvarium											
	Xiomara	Shedu	RaiderCapture Elimination Sabotage Espionage	quest_venus_demon_warrior	quest_igvalit	relicvarium											
	Shedu	Corp	RaiderCapture Elimination Sabotage Ritual	quest_mercury_force	quest_igvalit	spaceScaner											
	Shedu	CivilRes	RaiderCapture Elimination Sabotage Ritual	quest_cresist_elite	quest_fresco_data	serverStation											
	Shedu	Pirates	RaiderCapture Elimination Sabotage Ritual	quest_pirates_elite	quest_fresco_data	serverStation											
	Shedu	Tezctlan	RaiderCapture Elimination Sabotage Espionage	quest_venus_demon_warrior	quest_artefact	relicvarium											
	Shedu	Xiomara	RaiderCapture Elimination Sabotage Espionage	quest_venus_demon_warrior	quest_artefact	relicvarium											
	Pirates	Corp	RaiderCapture Elimination Sabotage Espionage Robbery	quest_manager	quest_device	spaceScaner											
	Pirates	CivilRes	RaiderCapture Elimination Sabotage Espionage Robbery	quest_cresist_elite	quest_fresco_data	cargoBlock											
	Pirates	Tezctlan	RaiderCapture Elimination Espionage Robbery	quest_venus_demon_warrior	quest_igvalit	relicvarium											
	Pirates	Xiomara	RaiderCapture Elimination Espionage Robbery	quest_venus_demon_warrior	quest_igvalit	relicvarium											
	Pirates	Shedu	RaiderCapture Elimination Espionage Robbery	quest_venus_demon_warrior	quest_igvalit	relicvarium											
#end																	
																	
#techlevels																	
TechLevel	ExperienceToLevelUp	MaxMissionsount															
1	600	4															
2	900	4															
3	1200	5															
4	1800	5															
5	2400	5															
6	3000	6															
7	3600	6															
8	4800	6															
9	6000	7															
10	0	7															
#end																	
																	
#prizes_by_rating																	
ProcMissionType	DifficultyRating	MinPrizePoints	MaxPrizePoints	PowerToPrizePointsMult	PowerToMonsterPointsMult												
RaiderCapture	1	500	750	0.07	0.1												
RaiderCapture	2	900	1100	0.08	0.12												
RaiderCapture	3	1300	1800	0.09	0.14												
RaiderCapture	4	2100	2800	0.1	0.16												
RaiderCapture	5	3200	3900	0.11	0.18												
Elimination	1	350	500	0.07	0.08												
Elimination	2	600	800	0.08	0.09												
Elimination	3	1000	1300	0.09	0.1												
Elimination	4	1600	2000	0.1	0.11												
Elimination	5	2400	2900	0.11	0.12												
Sabotage	1	350	500	0.07	0.09												
Sabotage	2	600	800	0.08	0.1												
Sabotage	3	1000	1300	0.09	0.11												
Sabotage	4	1600	2000	0.1	0.12												
Sabotage	5	2400	2900	0.11	0.13												
Espionage	1	300	500	0.07	0.08												
Espionage	2	500	800	0.08	0.09												
Espionage	3	900	1300	0.09	0.1												
Espionage	4	1400	1900	0.1	0.11												
Espionage	5	2000	2600	0.11	0.12												
Defense	1	350	500	0.07	0.08												
Defense	2	600	800	0.08	0.1												
Defense	3	1000	1300	0.09	0.13												
Defense	4	1600	2000	0.1	0.15												
Defense	5	2400	2900	0.11	0.17												
Ritual	1	350	500	0.07	0.08												
Ritual	2	600	800	0.08	0.09												
Ritual	3	1000	1300	0.09	0.1												
Ritual	4	1600	2000	0.1	0.11												
Ritual	5	2400	2900	0.11	0.12												
Robbery	1	400	500	0.07	0.08												
Robbery	2	700	800	0.08	0.09												
Robbery	3	1000	1200	0.09	0.1												
Robbery	4	1500	1800	0.1	0.11												
Robbery	5	2200	2700	0.11	0.12												
Infiltration	1	350	500	0.07	0.08												
Infiltration	2	600	800	0.08	0.09												
Infiltration	3	900	1300	0.09	0.1												
Infiltration	4	1400	2000	0.1	0.11												
Infiltration	5	2200	2900	0.11	0.12												
Control	1	350	500	0.07	0.08												
Control	2	600	800	0.08	0.09												
Control	3	1000	1300	0.09	0.1												
Control	4	1600	2000	0.1	0.11												
Control	5	2400	2900	0.11	0.12												
Escort	1	500	750	0.07	0.06												
Escort	2	900	1100	0.08	0.07												
Escort	3	1300	1800	0.09	0.08												
Escort	4	2100	2800	0.1	0.09												
Escort	5	3200	3900	0.11	0.1												
Counterattack	1	400	500	0.07	0.08												
Counterattack	2	700	800	0.08	0.09												
Counterattack	3	1100	1200	0.09	0.1												
Counterattack	4	1700	2000	0.1	0.11												
Counterattack	5	2500	2900	0.11	0.12												
Security	1	350	500	0.07	0.06												
Security	2	600	800	0.08	0.07												
Security	3	1000	1300	0.09	0.08												
Security	4	1600	2000	0.1	0.09												
Security	5	2400	2900	0.11	0.1												
#end																	